category_id,num_products
6548,1726
8192,170
8227,1107
28932,463
28596,1068
8223,710
2549,17003
49384,1182
15318,918
8511,1256
8295,1501
1815,16655
2,543437
958,1109
28454,816
4423,1693
8594,3978
316,16285
5121,1583
1607,188
23040,781
2679,157
1846,456
1520,12673
8225,750
1801,840
1811,632
5275,359
23238,820
861,1306
8513,688
1870,849
6522,883
849,1196
6991,1567
8384,914
2019,740
23058,1361
8305,1345
11843,1344
11911,113
879,1159
12672,393
28482,575
49444,88
5552,535
27584,1049
49288,85
1583,1836
8274,1785
1909,616
6905,301
23576,1637
4342,281
1837,215
23346,1273
6523,370
23352,1079
4593,540
23688,269
3864,410
1883,17972
12294,614
15236,1133
28930,102
7064,1114
2678,677
10521,471
5385,1213
49346,872
8459,279
9052,1047
45510,264
23678,678
11304,468
2561,193
6061,1384
3710,1360
7083,598
8239,782
10510,988
27196,1130
23802,571
45484,853
11907,93
53580,147
1841,245
4875,1450
23712,286
4420,1594
914,24665
10237,1140
23102,1673
49426,354
1862,2109
17170,1745
8240,1789
27212,1178
1613,713
8602,1821
,41699
8206,359
4398,394
23078,1116
4395,1108
8309,338
1627,233
8286,83
2347,1098
10228,127
8216,288
10238,1124
11821,223
11879,273
844,1000
1918,622
24196,1501
5463,486
23622,1476
23588,1291
28866,67
18332,1217
4221,480
23288,730
23714,401
5460,1039
3179,887
24300,283
5531,701
23112,1577
24298,423
49362,637
12984,566
28922,1806
49576,562
49592,187
20174,1036
4425,360
27128,1328
23370,771
45528,286
5279,772
5280,706
23504,178
5276,407
3422,1117
49620,1476
8322,1886
23476,13
24292,977
922,773
4384,2247
8327,815
23258,1358
10554,220
49630,692
18406,258
17186,477
2333,105
49368,431
4381,1484
3515,1088
28778,173
49500,531
858,433
1856,848
369,232
23236,993
5456,1400
1626,361
7912,386
4555,704
28858,182
1813,558
28578,1447
8399,629
4556,942
23246,1265
24198,1336
49598,984
2784,1508
23506,273
5478,1358
15250,981
23228,1092
2140,1194
2337,1021
871,1140
23528,457
49726,94
4451,1018
49634,592
6948,846
17162,429
1598,15
24348,821
49450,391
8407,457
49642,149
12878,122
25000,1022
8265,1349
49452,934
5252,834
5277,647
45596,829
23456,389
21272,605
49428,1661
49704,1134
3428,820
23592,816
28924,1873
23440,353
49448,1113
8276,587
3789,879
1880,935
8345,560
5409,752
10384,1206
1899,1502
5461,1301
49670,400
28592,85
939,669
49668,785
27240,961
6742,479
23156,659
5261,998
8484,528
28576,1178
11875,424
1596,92
28944,1601
28942,836
12676,995
2136,1351
6214,56
10536,370
28904,444
23424,229
1882,5067
10511,497
23392,889
11334,1078
23282,1375
49354,929
1994,424
10430,47
28780,234
2328,1172
53074,1225
2511,1292
23254,995
10487,54
1608,103
11869,520
24286,147
5339,1231
23184,1696
2365,722
1601,1823
23540,914
3424,415
18346,1157
49632,664
4452,746
4408,49
11935,1089
45494,1117
2004,332
49458,860
1984,1323
21370,1326
1641,121
5246,956
21368,541
4624,1436
28836,337
49602,936
8491,617
842,1258
4380,880
2602,431
2340,1134
3177,1460
5905,444
53550,1243
10515,1038
49412,1041
11962,237
49504,841
9725,1199
49626,981
49542,609
24188,27
20244,1214
49654,1011
2849,920
28484,1090
23242,437
8202,689
49496,670
2562,30
1975,4362
8344,739
2002,96
23334,481
20182,172
5253,744
28862,120
49442,114
1836,355
10524,145
8485,119
23362,1102
10477,504
24122,589
11516,922
49590,237
8278,269
7079,888
28428,669
24076,614
2044,214
8201,784
10073,281
27256,767
23438,209
6521,968
1636,714
4427,392
11894,71
49438,1101
3990,1483
24240,1420
3216,696
23030,1159
5943,514
49594,251
1612,188
2589,227
45538,1186
5254,204
11908,1088
8193,761
11755,87
2514,1110
5394,688
2512,1059
7361,90
5410,972
18344,1010
21372,218
21454,8
21470,51
21492,759
46188,67
933,975
23446,769
21260,1187
49436,671
11341,116
53564,258
49610,498
49446,1001
20172,50
24352,1510
51698,135
8123,1130
24066,153
5313,305
4428,571
11857,739
4604,298
8198,351
3793,967
11873,793
28948,545
2250,1061
865,540
856,773
847,1224
901,18
900,37
7358,1116
2248,1253
8782,251
9216,996
3980,140
3898,822
1871,232
1925,194
5674,744
5029,1060
2539,668
8275,1100
2805,1372
12882,87
5454,709
23634,1487
24868,607
2685,1005
9013,186
13366,6
24164,455
52242,572
593,973
5007,206
3320,998
4747,157
6525,885
28682,792
10538,1193
10535,220
13362,3
45604,571
24174,672
2971,490
7081,236
853,988
8171,293
1805,1023
6040,1073
5258,878
1754,1134
49604,681
877,1078
1637,320
6524,480
8490,123
4505,1438
49678,637
28396,18
11859,554
1685,936
49566,673
5614,402
11863,100
45530,242
28480,852
5123,460
11861,380
27588,948
8492,407
24170,731
8516,372
4429,328
7566,844
2569,346
9283,787
24322,128
24238,1214
5402,1055
23136,1006
24078,32
1881,888
15320,792
11883,427
23134,921
45512,4
13878,1735
2324,1100
5260,926
917,2
45508,7
6063,643
23518,69
3426,1159
49652,1133
24276,790
3170,717
11833,307
11767,99
1803,184
23436,247
11933,303
28674,154
2008,447
12864,283
5124,453
385,947
11660,592
49676,849
10480,82
7061,199
49422,912
840,966
845,1001
18342,789
4079,386
10454,52
8205,1174
2375,78
9724,1232
8488,18
2555,265
28644,453
2565,438
18360,23
9423,29
49684,79
2269,300
5333,1096
49498,714
22900,188
5284,1013
163,21
5407,679
1858,1874
12886,695
2016,843
859,314
1524,333
247,294
24728,60
15410,146
9902,63
8402,1121
5472,1111
8334,494
2110,783
24162,139
6069,1016
4880,204
10806,111
2644,197
24876,692
11939,134
24200,1911
23026,588
10460,75
23834,464
28960,141
49680,982
23154,271
45556,41
45468,329
1942,178
24180,300
21440,1082
21432,317
25028,233
21390,138
25022,14
21478,77
21288,648
21392,37
21282,1054
49624,157
21286,228
21418,603
21386,118
10532,74
21094,55
193,11
21384,645
21412,1023
21336,175
21348,308
21362,580
45526,107
11860,438
21388,692
28574,1477
49622,440
20872,474
21400,59
10543,436
21036,149
24176,82
2225,1226
21344,873
8284,145
45500,60
25014,366
8519,334
24986,527
25034,382
11937,195
21274,498
20886,625
4293,508
21458,569
24996,469
21468,1744
21176,29
12918,345
21358,388
17166,593
3805,459
9722,61
20874,801
21452,376
49688,911
25026,451
5259,543
3178,1303
21354,377
21016,246
21398,89
21020,210
21270,994
21450,214
2342,428
9721,169
24062,719
21252,1028
20258,372
10996,84
21448,197
21360,566
21464,458
21008,347
8400,669
1860,1348
21494,530
15936,651
49648,589
49578,980
49716,501
21018,307
53538,514
29006,150
53542,208
18380,806
27574,858
49618,170
8294,875
23104,1558
24360,21
23642,1546
20832,71
1831,792
915,773
49512,723
27596,527
6556,247
11893,42
24132,273
4608,892
8728,903
2456,418
5346,332
45546,1075
2238,889
8351,815
6578,52
21446,67
20890,755
1890,349
21284,43
23816,71
49666,655
1634,935
12876,146
23322,1119
23930,9
7,1554
1804,553
23810,1669
23672,93
27180,1295
8040,3
4401,293
4294,146
24290,248
8165,266
20770,292
20854,105
21276,470
28784,250
8281,430
23376,1200
9723,138
21366,658
23388,352
2553,526
5345,621
8170,678
21012,487
21476,168
4542,45
52200,87
21280,211
10490,46
21352,1304
1872,399
6068,281
28952,211
23464,87
23220,372
8224,371
4343,128
984,46
6541,1292
4407,466
24126,414
11251,467
3175,1474
23432,882
1948,1473
24278,451
6215,778
4405,371
6305,1333
8465,113
5350,294
11312,1118
23936,583
23338,657
21084,304
863,729
21396,63
23902,124
24320,528
2850,479
11885,394
1820,187
20836,165
24994,2
20252,483
49464,582
49556,781
49360,1035
1008,689
49508,199
934,955
8084,424
49672,567
1936,968
11737,19
886,1110
11340,364
10389,583
27498,287
45558,1078
23304,1241
1916,366
8336,422
49506,116
20264,81
28598,1362
6416,5
10421,98
23210,334
2575,353
3788,682
49640,238
28768,86
49646,147
21406,1798
23032,299
24316,316
49714,228
24082,70
2018,735
1819,449
23394,551
446,574
27580,814
28892,1113
8308,388
24050,236
49430,876
2806,623
1838,923
5473,428
2606,84
11923,362
2654,64
26488,701
3862,835
23898,433
4441,1467
24358,871
11325,36
4261,574
3242,357
2109,167
11871,194
13354,125
24396,45
5566,1108
11253,635
28732,105
28434,146
6818,489
8067,301
8197,321
11941,910
23022,806
854,901
11845,552
5256,350
2106,746
24214,65
10484,89
4454,481
2657,446
872,1286
885,1140
1894,442
2041,60
1934,183
1932,204
1931,1267
23814,187
2040,272
2108,514
11323,58
49434,904
18372,1217
1630,900
2026,39
27194,251
24340,17
21342,716
6064,757
24356,145
45532,103
8190,116
23430,532
9733,1245
97,19
2025,260
53616,85
10474,32
49548,1171
10378,362
1795,638
8487,446
8477,412
8486,434
8480,160
8481,161
3865,896
8478,58
8476,263
10567,247
1752,506
12298,291
5281,813
2578,52
23692,907
23024,679
5245,761
5406,609
21114,126
935,825
49352,202
28762,36
23336,696
27224,795
23272,1032
6045,635
6993,1035
6992,585
3877,1121
27594,793
8347,160
15118,915
5244,515
8292,318
21436,359
24344,1076
5554,513
23276,987
45598,236
11759,91
3486,239
24108,57
49348,518
11346,320
6072,256
2759,566
23042,952
49582,34
23286,116
1927,311
1716,676
21350,216
24998,414
25024,388
27230,645
23290,299
45588,479
28920,1880
49722,997
28906,88
11958,252
11956,348
28900,363
5616,137
9601,691
11342,516
20266,119
11727,10
5267,1131
1828,289
8066,511
23702,1508
23652,149
28890,664
21238,563
8370,35
1017,83
26492,1048
2977,329
11330,21
24296,370
49710,123
49718,536
2039,719
49374,239
20268,326
10420,367
23508,244
1701,606
28584,256
3804,574
28722,362
852,1141
8264,666
975,700
4403,298
45470,574
24102,899
9120,1038
14896,135
14872,1089
17752,231
16228,16
11016,79
13858,99
22726,31
6,334
9422,67
14840,200
7078,199
3978,472
24870,185
10383,822
3897,406
981,18
49574,13
49570,350
8382,922
45594,21
2538,632
45492,121
49356,672
21430,65
12590,1374
21364,81
21424,1504
24178,1833
25032,53
10423,468
1686,213
21004,37
8342,434
716,1020
5255,706
8054,1173
28766,116
1843,172
28828,92
2249,1320
18334,1077
44464,101
11901,47
49686,164
10523,1018
11943,541
883,1305
8220,298
843,1296
28832,248
855,804
10388,622
49418,609
23056,647
23082,1277
12908,1051
1908,328
13224,468
27170,645
11897,194
24346,394
5264,300
6280,180
45490,261
28580,1368
49664,268
2948,1462
45478,211
23822,260
4345,224
28894,164
8448,100
4144,280
23340,995
10808,88
2662,525
4642,1366
848,1092
23168,382
24282,119
24280,158
2020,660
49522,467
28594,1455
16660,408
24104,534
10517,491
1919,562
10225,22
20170,309
5479,144
1868,578
10079,188
27232,801
2010,896
5134,712
3863,134
23934,315
2558,156
10522,312
23812,279
17174,232
28618,159
11837,26
23072,957
23658,973
6653,176
1616,357
10513,349
5257,744
49674,626
2037,152
11847,237
10509,861
11851,88
1631,250
24308,25
24288,474
24272,95
8042,38
1999,109
28856,52
10381,129
28640,152
1753,579
26652,1312
49692,798
27222,1064
1623,277
11695,2
1628,94
24260,28
8456,488
8390,507
49656,483
24326,105
8450,15
28628,61
49460,661
49644,248
27566,332
11809,1
1874,362
1367,576
6401,371
23596,371
24088,127
49552,1065
9295,99
10464,2
201,12
4609,805
24,50
11877,197
11868,114
2603,9
23118,31
28638,133
7971,674
49546,741
23260,130
10486,25
28798,150
49690,283
28680,205
23818,131
49544,188
30020,487
10506,321
21088,27
2042,113
372,740
28936,513
27578,578
483,689
28716,77
39752,346
11741,322
4,175
23646,889
10429,130
23162,224
23892,15
23366,465
10531,212
8167,880
28478,70
12928,382
49290,157
938,588
5408,80
49662,417
162,44
8,195
11867,101
1521,670
14928,30
14920,223
15460,136
141,25
14824,54
3899,444
204,24
140,57
11022,9
10999,6
10995,24
11027,8
18368,4
3900,426
8279,167
28458,298
6052,1082
11831,205
24154,267
2659,253
25706,72
23462,78
45590,9
24350,71
45580,5
45578,27
52236,3
11811,1
11807,6
23940,121
28802,55
444,125
2006,192
8217,362
10481,79
23660,747
11960,230
11865,130
10445,549
850,541
1526,280
8973,551
6989,63
7671,421
4902,138
11881,274
7084,373
28694,46
11964,221
11889,105
45568,27
23600,587
2601,403
23036,202
8497,33
8371,229
6246,685
45516,8
8196,126
23800,900
11336,40
5449,222
45502,7
23824,220
18330,293
11966,142
23114,1170
1703,214
2579,47
11929,38
11835,267
11921,28
11853,49
10416,145
10463,43
28486,678
27576,436
28886,775
49424,1014
1889,575
49628,257
24048,155
27598,759
3866,461
4406,149
6138,136
8496,178
24206,26
6071,225
28398,79
11735,94
2111,312
11849,145
24248,10
2348,61
28736,319
27118,53
5872,205
53554,987
26658,172
8068,143
20250,381
8073,1117
49596,319
4316,66
24310,178
10495,160
45560,14
1869,530
5262,384
24364,2
44828,52
7074,228
11631,1
24094,262
53546,458
20236,164
24318,1253
37594,40
5344,416
23126,381
14812,26
15104,15
14818,57
14826,51
15480,50
14830,2
14934,37
14838,297
13,36
11023,3
1875,155
46206,486
28462,687
23942,30
49606,721
49364,864
27544,45
8934,268
24734,146
931,1670
23670,124
4557,125
23216,463
11905,249
6568,136
1897,125
6213,112
2154,12
28688,84
6210,283
3985,95
5585,102
53614,374
5006,438
11689,152
49682,426
23648,89
976,213
49580,386
11902,305
2376,149
625,118
5770,7
20920,88
45472,203
45602,330
24354,20
45554,6
25030,28
5337,597
664,1262
10497,84
3787,880
10413,116
28452,298
24324,409
8520,36
10550,83
15448,165
2346,55
11771,1
28860,224
2107,242
27172,574
10231,79
11753,84
45576,1404
45574,40
45572,1516
10541,349
1084,1121
6122,10
45534,211
3271,1373
10385,854
9176,332
17184,163
24166,221
28758,8
8280,128
53548,90
23948,110
24152,345
8209,1
49636,113
1928,216
6579,137
2038,402
10468,143
2592,57
10512,145
27610,80
10450,26
16458,38
10418,198
2572,31
8470,5
8061,109
28426,293
8343,718
23668,140
24342,8
45570,3
11884,59
49600,328
9728,651
8044,108
5274,461
5384,928
24144,252
45536,118
1895,581
10449,44
11912,54
11910,150
8064,185
11518,207
28868,66
248,26
11014,48
15658,27
202,12
14808,4
14844,60
14842,78
9602,61
3986,156
8471,44
24138,313
904,37
867,559
24110,246
3212,252
45480,314
11890,43
28884,150
45564,8
28444,80
1832,1754
24040,345
5555,235
8285,133
20222,136
11829,33
11827,111
11819,49
28738,372
28472,753
44792,42
4051,134
8172,572
5263,364
2146,488
12890,81
5452,10
2005,111
49586,145
23270,639
46208,15
49650,190
24314,138
54280,16
54294,32
44796,5
44798,9
44800,9
44810,7
2334,1151
28840,86
20212,8
24150,405
10520,100
10516,921
8094,89
10466,84
28698,207
1789,39
1794,72
10548,111
23808,454
23890,177
23926,55
23900,74
4413,165
2568,47
2580,159
8472,286
49382,43
10518,68
10529,1015
3790,270
2563,7
10462,62
49712,269
28460,287
49572,130
11338,65
24312,507
8300,637
2007,42
1468,515
24100,271
12218,984
10419,185
49588,324
10455,156
20254,1252
7741,172
49558,71
23706,877
28468,1425
5338,253
898,160
11032,2
14856,29
14846,22
14898,142
27,77
11017,82
28622,42
10453,81
3449,71
23910,69
5893,342
28760,100
10555,34
10561,32
11639,1
4075,137
10476,127
3901,274
2315,252
44826,113
2582,90
28940,460
11887,32
10461,80
49534,96
24148,76
10568,77
6750,1383
24156,55
23952,12
23916,30
1879,77
24872,181
8070,131
11968,378
2173,104
8466,84
11252,165
28450,1582
16662,243
1343,193
23034,73
24130,141
28588,943
24106,49
8493,59
5400,402
4402,117
10549,109
3984,32
24218,463
23374,112
8495,133
28430,108
10569,47
5900,192
24246,40
10415,86
28704,9
49494,362
24090,242
1896,226
6066,378
1829,29
4746,42
2681,143
28770,16
24160,36
2552,352
10483,5
6567,67
49518,150
2571,100
10451,12
8461,68
18394,148
6073,131
24274,52
5553,313
21460,64
20866,48
27616,40
28616,105
10485,62
24086,119
49562,106
8189,147
4409,222
21120,246
10565,8
10514,1281
26902,51
24984,11
28686,81
2162,17
5453,5
1998,33
15466,6
8283,11
24136,130
5278,106
4876,146
53572,65
53606,68
1922,43
28916,74
46190,33
49378,113
8168,291
26490,198
2161,91
28646,128
10530,313
27190,80
27552,103
24304,324
5451,16
49514,174
10539,8
24158,31
23450,121
10507,28
53610,52
29,22
1938,519
49366,426
49370,21
10537,259
28872,40
24202,198
52174,66
2036,86
8277,358
8467,16
28812,222
49380,49
1873,97
2590,141
7273,137
28684,140
20190,144
28726,181
4933,197
2003,257
10526,59
3211,197
53528,158
4239,539
6226,76
11747,74
665,479
24054,179
2271,86
2014,4
1954,6
10428,115
23656,70
5976,118
8043,44
10804,33
5349,118
10809,2
7239,45
53566,55
10471,73
11530,148
28908,25
49376,67
10457,123
10519,19
2658,24
49608,402
49564,190
49560,45
52196,15
2327,229
24182,83
13344,102
3792,36
49554,284
24058,58
23534,36
49550,158
24092,248
26642,77
1830,7
6062,540
1917,100
11257,22
28470,38
10545,66
11878,362
24204,170
10504,65
24096,53
53584,121
6571,197
1609,204
882,98
10218,16
10458,63
29010,602
21132,4
20924,51
20922,126
17176,29
16664,244
6445,39
280,48
9727,302
9871,10
8775,101
49728,188
23690,23
20248,12
24030,13
24146,65
5556,113
11825,120
12744,426
6255,171
11926,439
23520,30
45488,295
1527,848
18378,114
11119,13
23564,36
11120,259
26494,90
24242,3
11817,127
6225,361
10472,10
10547,75
10500,103
10544,32
28696,194
11339,110
13370,70
21034,3
8048,52
14820,17
6267,83
11751,5
28946,485
18404,31
18402,3
28842,113
53570,15
21346,3
23826,47
11855,17
11749,8
24244,351
49584,202
24124,122
49724,305
52244,402
7449,138
53552,109
1633,115
23664,66
18362,29
10478,192
53536,231
21456,115
10563,7
10470,58
8226,172
7992,35
53586,36
10432,52
320,1273
3801,78
49528,9
3272,241
26640,54
29016,124
6994,247
8273,13
9900,2
11803,144
1923,58
2573,5
20940,3
21242,793
21236,91
21244,114
21234,6
21170,2
21254,3
10452,22
1920,169
8435,29
10089,50
28676,1247
23938,306
28740,56
28724,138
21474,139
21086,6
21404,200
13374,33
49350,54
10564,8
28658,109
20260,49
10433,2
27192,93
13376,3
2368,250
21472,69
8498,48
13388,21
13384,450
27226,250
2156,55
10807,51
28816,277
8512,737
28630,35
20964,6
11899,60
968,44
53598,32
48030,527
53604,55
10482,40
20910,1
2309,1
142,60
218,15
69,1
10475,43
9882,2
8282,2
13386,20
8194,248
203,2
4399,6
20256,20
29002,1
10556,15
24028,6
8293,75
10417,194
24254,14
2652,48
49706,109
1995,53
24080,10
13342,54
13346,84
24334,14
5250,14
4594,2
23778,690
25052,27
18386,39
4386,5
1951,9
28586,749
5557,185
1640,81
49540,217
28870,96
49456,94
45474,62
11731,44
21410,19
21414,25
21428,18
21402,118
25008,34
20856,125
21490,26
28896,10
10435,15
1910,113
17178,26
11024,9
43,3
8447,12
139,193
20,9
59,2
14922,2
6488,69
53578,57
25016,6
14864,13
44832,23
15710,53
9897,19
9898,196
18358,47
10501,38
53560,214
7075,161
20270,65
15676,2
24732,11
17460,81
24284,15
24372,246
1581,52
18400,17
32874,118
9997,329
23944,15
17180,31
1728,31
4314,146
49638,101
49520,8
30964,169
26904,91
11374,78
10414,52
45600,180
8049,32
23704,61
8050,2
17226,915
10527,52
11915,13
8391,149
44812,2
8199,423
10223,145
4387,2
49616,42
21420,5
21340,6
6105,10
16232,5
251,30
282,36
28878,7
3981,44
8082,48
24098,98
6561,85
27554,203
918,1
53568,168
8221,9
28720,7
5977,36
53348,105
20826,441
28914,34
24190,104
28718,22
903,65
24168,135
6000,241
5363,21
28466,84
11028,5
21006,49
10424,15
53726,6
49420,49
4236,16
49568,37
28734,31
53544,770
53534,234
23886,54
10528,22
23904,15
23630,148
639,58
24376,141
53540,3
21338,39
21304,80
20970,13
24072,12
1778,62
10546,70
28804,31
21316,219
27214,18
6212,14
49658,109
6572,31
45486,40
20986,6
10553,21
6570,94
5433,2
53532,151
1907,155
3892,36
8087,29
11344,69
3868,634
11925,121
13100,76
21466,144
28820,103
9,484
13380,1
11034,9
23884,42
112,58
11031,3
8776,26
8451,60
28926,42
10,17
1604,51
21310,326
8777,24
49530,33
269,27
17160,24
20838,44
20858,10
1884,6
23256,301
5405,32
3405,1
249,48
2035,57
49708,94
24302,301
8204,5
2306,5
28888,28
8341,44
8229,10
11035,12
10551,10
53556,95
20240,7
8950,59
10222,79
47,4
15714,18
24024,1
15416,21
11026,2
8361,1
10489,14
20830,19
23516,29
21240,1
3869,60
8339,1
101,2
15716,5
1824,1
49720,74
6067,50
15840,4
15836,18
16224,3
24184,57
959,78
23484,231
23474,1
10479,5
53238,50
13382,4
28392,11
28776,77
4074,14
28950,42
23896,177
18328,8
4610,59
24084,112
10422,2
53608,68
49660,15
2609,67
50390,117
45476,4
1974,31
24128,3
28756,14
11900,34
11898,100
28582,424
49536,41
10562,16
23828,5
4313,136
4400,1
20972,11
20966,22
20932,34
24224,3
27546,47
978,64
49694,7
21028,168
14822,11
11808,2
55812,18
14848,6
15458,17
20968,44
76,3
21172,12
55830,9
28818,3
13352,119
24380,63
53526,8
11118,22
24874,20
28464,630
15464,110
10552,27
5192,3
5190,1
10488,8
23820,91
10473,14
4879,23
11779,4
23928,26
8780,14
11337,19
53618,23
4453,15
1605,92
26638,114
24268,6
44462,168
11316,101
7082,5
2663,4
28880,1
3983,51
4872,3
2458,6
23722,5
29014,29
1996,77
24134,36
10540,7
28934,11
21306,51
1600,20
1796,124
49538,29
11568,1
20916,1
1861,201
49358,35
10533,61
11909,1
28826,56
11328,31
14866,4
8228,27
11815,16
23966,3
17224,2
2015,3
21026,23
45524,12
54278,46
11839,118
1614,4
44862,8
44852,3
54356,33
44882,2
54350,18
44850,4
54338,51
54386,18
54392,62
44888,1
44874,3
44876,2
44848,1
54296,8
54306,100
44818,37
54304,74
44808,4
54300,8
54308,28
54310,27
54366,12
44836,1
54292,5
54288,21
44804,4
44860,1
44854,1
44830,3
54332,44
54282,30
23906,48
14918,1
11799,44
10386,1
21308,41
13368,18
53612,39
11896,53
24370,16
23726,25
10997,15
334,3
12884,1
23956,8
10525,22
23972,3
50,5
2470,14
1509,1
11931,41
20262,71
21156,1
28792,2
28764,4
23908,11
126,5
8458,29
28910,9
4346,9
52194,137
8479,4
8089,15
11882,121
37598,9
53594,48
8191,1
23264,1
4227,1
21246,53
10534,44
23918,7
8088,2
23920,4
24330,22
4142,60
8411,1
21092,2
37592,15
10448,1
8214,6
5584,160
10442,8
24140,62
10469,4
6070,68
10558,9
11667,1
23894,4
23548,15
1809,7
24332,6
1592,1
1611,11
55826,9
11603,2
2223,11
8316,1
1192,32
11673,1
15078,3
1827,20
11823,9
23946,13
54400,19
54370,28
54454,73
44878,1
8215,2
53576,76
1818,1
2848,1
27188,1
24256,1
1876,9
53048,7
27550,2
5343,32
925,1
21506,1
20862,2
2513,2
4422,3
11739,15
21462,1
18390,1
24988,18
10496,8
11904,1
28626,14
1702,1
1888,1
24186,80
23888,190
24222,12
54324,3
54456,51
54428,19
9899,2
4585,11
21268,6
21334,1
49432,1
2150,5
20952,3
7603,51
12986,1
8388,9
4561,1
5172,35
18364,2
52232,2
10434,6
13378,6
24832,13
27542,1
2144,7
28642,1
10467,14
8428,4
21426,17
54418,12
54404,3
54416,6
54390,49
54368,12
54334,10
54364,12
49510,27
1946,9
28670,2
24382,6
24384,2
11797,2
54322,4
53602,124
3893,19
11601,2
8431,141
23536,12
18366,6
52176,31
52178,1
54414,28
54426,14
28436,3
23010,3
23662,1
21042,3
54374,10
8313,4
54358,3
23244,2
2488,8
28590,34
53186,4
23932,3
2145,6
54286,1
10503,12
4404,16
54460,40
54342,5
54378,14
5649,3
13350,59
10437,3
20792,8
20798,4
20788,23
10499,6
24228,9
53588,28
16926,38
10502,6
11317,46
24374,5
24390,199
24032,1
73,2
15660,1
44,1
16150,32
20492,2
54372,12
54424,16
54478,12
54516,25
54506,27
54410,7
54492,23
54498,10
54490,14
54482,11
54502,20
54476,24
54486,9
54496,2
54336,5
8212,4
13356,89
55806,4
55818,1
55808,5
21024,2
10505,125
28838,40
28788,1
54724,48
20246,7
28432,3
54320,9
54444,4
54382,4
24398,15
54346,12
54504,37
21060,7
13744,9
11329,25
54508,11
54448,6
23598,9
24262,2
2001,2
24992,10
1966,4
25010,8
24394,1
54328,2
12900,36
54326,10
54394,1
24294,3
54354,9
3979,6
10571,14
24338,20
26568,5
5995,5
53694,1
30,17
15414,50
11333,6
21332,10
21330,73
21326,15
25050,6
25004,14
25006,4
21302,7
21322,7
21314,36
25040,32
21312,10
25046,7
25042,18
25002,10
21300,1
28708,3
21328,3
21318,1
21320,1
54436,1
54318,14
54402,1
54420,20
21056,3
54284,19
4558,1
2451,1
10805,7
24266,14
54352,17
2554,22
5602,1
28790,2
10438,2
54774,1
2760,1
1979,2
54348,6
54314,7
8188,20
23806,1
54298,12
54360,2
54484,2
54480,4
23554,25
6124,2
8129,2
10566,4
11524,1
178,1
20914,10
2009,2
8781,4
5873,4
21030,4
4554,1
24212,24
8374,1
49526,151
24378,7
53592,81
48034,35
4735,9
10440,11
28706,1
28774,5
37596,2
8074,9
11769,3
3803,1
53600,23
11895,1
11345,2
10220,1
14810,18
54468,1
54512,10
23044,1
2049,19
28456,5
28824,4
48036,188
24336,4
28714,8
8164,1
37606,1
37608,1
37612,1
20808,38
20800,7
2682,12
20768,3
20938,10
10459,4
24060,7
21374,14
28678,4
8778,4
20824,9
15708,9
20828,2
54340,4
7369,22
54510,4
11858,2
1986,2
9864,14
977,61
11743,7
20948,17
20992,4
20982,53
21044,1
29012,2
8338,2
21074,2
54698,2
30374,1
54046,12
54464,1
23120,1
54462,2
53352,1
28446,1
23958,1
11903,1
1808,14
2308,2
23654,4
29008,44
23128,1
54458,5
21180,1
145,13
11375,1
11605,1
24234,3
2153,1
28796,1
54520,2
54450,4
54526,1
54488,2
23950,4
23974,3
20976,3
20908,1
21000,1
21382,1
21040,3
20984,21
28772,5
2266,4
53590,3
54312,6
28876,7
54432,4
54434,1
24112,3
24114,2
23052,3
899,5
14858,11
20782,1
8060,1
54150,5
20950,8
21038,6
20974,9
27582,2
46516,86
21058,5
24208,7
4966,6
626,9
28,5
20918,1
21002,5
28782,12
158,3
24392,1
8200,19
1622,2
54908,2
17182,1
49614,2
11856,2
242,2
10508,11
1639,10
14860,5
159,7
161,3
54518,1
55070,3
55066,1
2618,8
10498,2
7077,5
254,2
55664,2
55948,1
55820,6
55810,2
55814,4
55824,6
276,2
55616,4
55590,1
20810,2
26486,3
21174,1
55852,1
209,9
55700,13
55584,2
55704,19
55918,1
55760,2
8083,2
55734,2
55710,6
55708,14
78,26
14832,10
14924,2
16226,1
14932,1
55828,5
55790,2
55642,3
23566,7
55822,1
55216,1
32,56
902,3
5308,3
55046,1
55892,1
18888,5
28712,3
28874,11
2627,1
1625,1
55654,1
11729,3
55730,1
55574,2
55570,1
24386,3
11331,2
20996,3
55930,3
55074,1
14652,5
54406,1
53596,12
55714,2
55702,4
55706,1
2583,2
20978,1
55594,13
21076,5
55838,1
20806,1
24264,1
55894,14
54440,2
54376,1
54524,3
54388,2
110,1
55178,5
54830,1
19,1
275,1
70,1
10998,1
23914,3
1590,9
181,1
55768,64
10441,2
5,5
147,4
60,33
67,4
28800,2
1582,4
21,6
28938,1
18852,2
2452,7
1365,1
2471,1
144,4
28786,2
23570,1
1929,8
12310,1
6199,7
42712,1
23422,2
1857,30
50476,1
53350,2
21162,1
35346,1
5341,1
45520,21
5792,1
1706,1
45586,3
45584,1
45518,22
24400,4
11661,1
46186,20
45504,1
45550,1
45548,1
45514,2
23232,1
2240,1
1989,1
11633,1
52228,8
11643,1
2265,1
23594,1
23088,1
23404,5
1602,1
5887,1
15456,1
23248,1
23638,1
23398,2
23400,3
23396,1
8315,1
52222,1
9603,1
2363,1
23578,1
23364,1
45506,1
23302,1
8306,1
53070,1
44840,1
23586,1
27160,1
23624,4
2264,2
23186,1
23110,4
23620,1
23268,1
27228,1
23318,1
11641,1
23676,1
11917,1
23466,1
